key	active_time	recharge_time	num_uses	effect_range	affect_self	num_effected_friendly_units	num_effected_enemy_units	update_targets_every_frame	initial_recharge	activated_projectile	target_friends	target_enemies	target_ground	target_intercept_range	assume_specific_behaviour	clear_current_order	wind_up_time	passive	unique_id	bombardment	spawned_unit	wind_up_stance	mana_cost	min_range	targetting_aoe	passive_aoe	active_aoe	activation_effect	vortex	miscast_chance	miscast_explosion	ai_usage	audio	special_ability_display	voiceover_state	additional_melee_cp	additional_missile_cp	parent_ability	spawn_type	spawn_proxy_vfx	target_ground_under_allies	target_ground_under_enemies	miscast_global_bonus	target_self	rage_cost	cost_type	new_field
troy_bull_rush	15.0	90.0	-1	0.0	true	0	0	true	0.0		false	false	false	0.0		false	1.0	false	67308337			bull_rush	0.0	0.0						0.0		augment_melee	troy_main_abilities_buff	beasts_long	battle_vo_order_special_ability_self_buf	10.0	0.0				false	false	true	false	0.0	RAGE_REGULAR	0.0
troy_dlc1_hero_archer_ability_deadly_focus	20.0	60.0	-1	0.0	false	-1	0	false	-1.0		true	false	false	100.0		false	0.0	false	1863868446				0.0	0.0	troy_main_spell_generic_bombardment	troy_main_spell_generic_bombardment				0.0		augment_ranged	troy_main_abilities_archer		battle_vo_order_special_ability_self_buf	0.0	20.0				false	false	true	false	0.0	RAGE_REGULAR	40.0
troy_dlc1_hero_archer_ability_deadly_focus_spec_leadership	20.0	60.0	-1	0.0	false	-1	0	false	-1.0		true	false	false	100.0		false	0.0	false	1986536897				0.0	0.0	troy_main_spell_generic_bombardment	troy_main_spell_generic_bombardment				0.0		augment_ranged	troy_main_abilities_archer		battle_vo_order_special_ability_self_buf	0.0	20.0				false	false	true	false	0.0	RAGE_REGULAR	40.0
troy_dlc1_hero_archer_ability_deadly_focus_spec_reload	20.0	60.0	-1	0.0	false	-1	0	false	-1.0		true	false	false	100.0		false	0.0	false	676052148				0.0	0.0	troy_main_spell_generic_bombardment	troy_main_spell_generic_bombardment				0.0		augment_ranged	troy_main_abilities_archer		battle_vo_order_special_ability_self_buf	0.0	20.0				false	false	true	false	0.0	RAGE_REGULAR	40.0
troy_dlc1_hero_fighter_ability_battle_song	20.0	100.0	-1	0.0	true	0	0	false	-1.0		false	false	false	0.0		false	0.0	false	1736721245				0.0	0.0						0.0		augment_melee	troy_main_abilities_buff		battle_vo_order_special_ability_offense	80.0	0.0				false	false	true	false	0.0	RAGE_REGULAR	15.0
troy_dlc1_hero_fighter_ability_battle_song_spec_charge	20.0	100.0	-1	0.0	true	0	0	false	-1.0		false	false	false	0.0		false	0.0	false	674114781				0.0	0.0						0.0		augment_melee	troy_main_abilities_buff		battle_vo_order_special_ability_offense	80.0	0.0				false	false	true	false	0.0	RAGE_REGULAR	15.0
troy_dlc1_hero_fighter_ability_battle_song_spec_melee_attack	20.0	100.0	-1	0.0	true	0	0	false	-1.0		false	false	false	0.0		false	0.0	false	1302474399				0.0	0.0						0.0		augment_melee	troy_main_abilities_buff		battle_vo_order_special_ability_offense	80.0	0.0				false	false	true	false	0.0	RAGE_REGULAR	15.0
troy_dlc1_hero_warlord_ability_embrace_of_ares_spec_block_chance	20.0	90.0	-1	50.0	true	-1	0	true	-1.0		false	false	false	0.0		false	0.0	false	1737936595				0.0	0.0	troy_main_abilities_generic_buff					0.0			troy_main_abilities_debuff		battle_vo_order_special_ability_self_buf	100.0	0.0				false	false	true	false	0.0	RAGE_REGULAR	1.0
troy_dlc1_hero_warlord_ability_embrace_of_ares_spec_charge	20.0	90.0	-1	50.0	true	-1	0	true	-1.0		false	false	false	0.0		false	0.0	false	2087843404				0.0	0.0	troy_main_abilities_generic_buff					0.0			troy_main_abilities_debuff		battle_vo_order_special_ability_self_buf	100.0	0.0				false	false	true	false	0.0	RAGE_REGULAR	1.0
troy_dlc1_hero_warlord_ability_none_left_standing	10.0	0.0	-1	30.0	false	-1	0	false	-1.0		true	false	false	30.0		false	0.0	false	708249770				0.0	0.0	troy_main_abilities_generic_buff	troy_main_abilities_generic_buff			troy_dlc1_hero_ability_none_left_standing	0.0		augment_melee_area	troy_main_abilities_buff		battle_vo_order_special_ability_generic_response	150.0	0.0				false	false	true	false	0.0	RAGE_REGULAR	30.0
troy_dlc1_hero_warlord_ability_none_left_standing_spec_melee_defence	10.0	0.0	-1	30.0	false	-1	0	false	-1.0		true	false	false	30.0		false	0.0	false	1234745112				0.0	0.0	troy_main_abilities_generic_buff	troy_main_abilities_generic_buff			troy_dlc1_hero_ability_none_left_standing	0.0		augment_melee_area	troy_main_abilities_debuff		battle_vo_order_special_ability_generic_response	150.0	0.0				false	false	true	false	0.0	RAGE_REGULAR	30.0
troy_dlc1_hero_warlord_ability_none_left_standing_spec_radius	10.0	0.0	-1	60.0	false	-1	0	false	-1.0		true	false	false	30.0		false	0.0	false	1763013463				0.0	0.0	troy_main_abilities_generic_buff	troy_main_abilities_generic_buff			troy_dlc1_hero_ability_none_left_standing	0.0		augment_melee_area	troy_main_abilities_debuff		battle_vo_order_special_ability_generic_response	150.0	0.0				false	false	true	false	0.0	RAGE_REGULAR	30.0
troy_dlc1_hero_warlord_abiltiy_embrace_of_ares	20.0	90.0	-1	50.0	true	-1	0	true	-1.0		false	false	false	0.0		false	0.0	false	1080209341				0.0	0.0	troy_main_abilities_generic_buff					0.0			troy_main_abilities_debuff		battle_vo_order_special_ability_self_buf	100.0	0.0				false	false	true	false	0.0	RAGE_REGULAR	1.0
troy_dlc1_unit_inspire_fierce_resolve	60.0	180.0	-1	0.0	false	1	0	false	-1.0		true	false	false	200.0		true	0.0	false	545174394				0.0	0.0	troy_main_abilities_generic_buff	troy_main_abilities_generic_buff				0.0		augment_melee	troy_main_abilities_buff		battle_vo_order_special_ability_generic_response	50.0	0.0				false	false	true	true	0.0	RAGE_REGULAR	0.0
troy_dlc1_unit_inspire_to_the_last	20.0	90.0	-1	0.0	false	1	0	true	-1.0		true	false	false	200.0		false	0.0	false	1428648567				0.0	0.0	troy_main_abilities_generic_buff					0.0		augment_defense	troy_main_abilities_buff		battle_vo_order_special_ability_generic_response	0.0	0.0				false	false	true	false	0.0	RAGE_REGULAR	0.0
troy_dlc1_unit_inspire_unbreakable	20.0	90.0	-1	200.0	false	1	0	false	-1.0		true	false	false	200.0		true	0.0	false	1784125148				0.0	0.0						0.0		augment_defense	troy_main_abilities_buff		battle_vo_order_special_ability_generic_response	50.0	50.0				false	false	true	false	0.0	RAGE_REGULAR	0.0
troy_dlc1_unit_passive_battle_fervour	-1.0	-1.0	-1	0.0	true	0	0	false	-1.0		false	false	false	0.0		false	0.0	true	792959141				0.0	0.0						0.0					battle_vo_order_special_ability_generic_response	50.0	0.0				false	false	false	false	0.0	RAGE_REGULAR	0.0
troy_dlc1_unit_passive_battle_fury	-1.0	-1.0	-1	0.0	true	0	0	false	-1.0		false	false	false	0.0		false	0.0	true	1897730180				0.0	0.0						0.0					battle_vo_order_special_ability_generic_response	100.0	0.0				false	false	false	false	0.0	RAGE_REGULAR	0.0
troy_dlc1_unit_passive_eager	-1.0	-1.0	-1	0.0	true	0	0	false	-1.0		false	false	false	100.0		false	0.0	true	849805555				0.0	0.0						0.0					battle_vo_order_special_ability_generic_response	0.0	0.0				false	false	true	false	0.0	RAGE_REGULAR	0.0
troy_dlc1_unit_passive_fierce_resolve	-1.0	-1.0	-1	0.0	true	0	0	false	-1.0		false	false	false	0.0		false	0.0	true	2491				0.0	0.0						0.0					battle_vo_order_special_ability_generic_response	50.0	0.0				false	false	true	false	0.0	RAGE_REGULAR	0.0
troy_dlc1_unit_passive_relentless	-1.0	-1.0	-1	0.0	true	0	0	false	-1.0		false	false	false	0.0		false	0.0	true	363580903				0.0	0.0						0.0					battle_vo_order_special_ability_generic_response	50.0	0.0				false	false	true	false	0.0	RAGE_REGULAR	0.0
troy_dlc1_unit_passive_serrated_weapons	-1.0	-1.0	-1	0.0	false	0	0	false	-1.0		false	true	false	-1.0		false	0.0	true	1778552377				0.0	0.0						0.0					battle_vo_order_special_ability_generic_response	50.0	0.0				false	false	false	false	0.0	RAGE_REGULAR	0.0
troy_dlc1_unit_passive_skittish_horses	-1.0	-1.0	-1	0.0	true	0	0	true	-1.0		false	false	false	0.0		false	0.0	true	286256300				0.0	0.0	troy_main_abilities_generic_buff					0.0					battle_vo_order_special_ability_generic_response	0.0	0.0				false	false	true	false	0.0	RAGE_REGULAR	0.0
troy_dlc1_unit_passive_to_the_last	-1.0	-1.0	-1	0.0	true	0	0	true	-1.0		false	false	false	0.0		false	0.0	true	4527				0.0	0.0	troy_main_abilities_generic_buff					0.0					battle_vo_order_special_ability_generic_response	0.0	0.0				false	false	true	false	0.0	RAGE_REGULAR	0.0
troy_dlc1_unit_passive_warriors_pledge_proximity	-1.0	-1.0	-1	0.0	true	0	0	false	-1.0		false	false	false	0.0		false	0.0	true	1331156567				0.0	0.0						0.0					battle_vo_order_special_ability_generic_response	-50.0	0.0				false	false	true	false	0.0	RAGE_REGULAR	0.0
troy_dlc1_unit_passive_warriors_pledge_routing	-1.0	-1.0	-1	0.0	true	0	0	false	-1.0		false	false	false	0.0		false	0.0	true	177657024				0.0	0.0						0.0					battle_vo_order_special_ability_generic_response	100.0	0.0				false	false	true	false	0.0	RAGE_REGULAR	0.0
troy_dlc1_unit_passive_wary	-1.0	-1.0	-1	0.0	true	0	0	false	-1.0		false	false	false	100.0		false	0.0	true	182717033				0.0	0.0						0.0					battle_vo_order_special_ability_generic_response	0.0	0.0				false	false	true	false	0.0	RAGE_REGULAR	0.0
troy_dlc1_unit_passive_wicked_bronze_100_kills	-1.0	-1.0	-1	0.0	true	0	0	false	-1.0		false	false	false	0.0		false	0.0	true	1369173917				0.0	0.0						0.0					battle_vo_order_special_ability_generic_response	0.0	0.0				false	false	true	false	0.0	RAGE_REGULAR	0.0
troy_main_duel	45.0	180.0	-1	20.0	false	0	1	true	0.0		false	true	false	10.0		false	0.0	false	954438533				0.0	0.0						0.0		augment_ranged	troy_main_abilities_melee	fire_short	battle_vo_duel_start_battle	10.0	10.0				false	false	true	false	0.0	RAGE_REGULAR	100.0
troy_main_duel_spec_armor	45.0	180.0	-1	20.0	false	0	1	true	0.0		false	true	false	10.0		false	0.0	false	2118810390				0.0	0.0						0.0		augment_ranged	troy_main_abilities_melee	fire_short	battle_vo_duel_start_battle	10.0	10.0				false	false	true	false	0.0	RAGE_REGULAR	100.0
troy_main_duel_spec_duration	90.0	180.0	-1	20.0	false	0	1	true	0.0		false	true	false	10.0		false	0.0	false	1928007699				0.0	0.0						0.0		augment_ranged	troy_main_abilities_melee	fire_short	battle_vo_duel_start_battle	10.0	10.0				false	false	true	false	0.0	RAGE_REGULAR	100.0
troy_main_hero_all_ability_adrenaline_rush	45.0	90.0	-1	0.0	true	0	0	false	-1.0		false	false	false	0.0		false	0.0	false	463588439				0.0	0.0						0.0		augment_spellcasting	troy_main_abilities_buff		battle_vo_order_special_ability_self_buf	10.0	0.0				false	false	true	false	0.0	RAGE_REGULAR	30.0
troy_main_hero_all_ability_adrenaline_rush_spec_battle	45.0	90.0	-1	0.0	true	0	0	false	-1.0		false	false	false	0.0		false	0.0	false	1872526610				0.0	0.0						0.0		augment_spellcasting	troy_main_abilities_buff		battle_vo_order_special_ability_self_buf	10.0	0.0				false	false	true	false	0.0	RAGE_REGULAR	30.0
troy_main_hero_all_ability_adrenaline_rush_spec_cooldown	45.0	60.0	-1	0.0	true	0	0	false	-1.0		false	false	false	0.0		false	0.0	false	1083290498				0.0	0.0						0.0		augment_spellcasting	troy_main_abilities_buff		battle_vo_order_special_ability_self_buf	10.0	0.0				false	false	true	false	0.0	RAGE_REGULAR	30.0
troy_main_hero_all_ability_aristeia	60.0	-1.0	1	0.0	true	0	0	false	-1.0		false	false	false	0.0		false	0.0	false	828971484				0.0	0.0						0.0		augment_morale	troy_main_abilities_aristeia		battle_vo_order_special_ability_aristeia	0.0	0.0				false	false	true	false	0.0	RAGE_REGULAR	-1.0
troy_main_hero_all_ability_aristeia_passive	-1.0	-1.0	-1	0.0	true	0	0	false	-1.0		false	false	false	0.0		false	0.0	true	152750000				0.0	0.0						0.0					battle_vo_order_special_ability_aristeia	0.0	0.0				false	false	false	false	0.0	RAGE_REGULAR	-1.0
troy_main_hero_all_ability_find_cover	45.0	90.0	-1	0.0	true	0	0	false	-1.0		false	false	false	0.0		false	0.0	false	1155524908				0.0	0.0						0.0		augment_defense	troy_main_abilities_buff		battle_vo_order_special_ability_defence	10.0	0.0				false	false	true	false	30.0	RAGE_REGULAR	30.0
troy_main_hero_all_ability_find_cover_spec_duration	60.0	90.0	-1	0.0	true	0	0	false	-1.0		false	false	false	0.0		false	0.0	false	1746082433				0.0	0.0						0.0		augment_defense	troy_main_abilities_buff		battle_vo_order_special_ability_defence	10.0	0.0				false	false	true	false	30.0	RAGE_REGULAR	30.0
troy_main_hero_all_ability_find_cover_spec_increase	45.0	90.0	-1	0.0	true	0	0	false	-1.0		false	false	false	0.0		false	0.0	false	1030238871				0.0	0.0						0.0		augment_defense	troy_main_abilities_buff		battle_vo_order_special_ability_defence	10.0	0.0				false	false	true	false	30.0	RAGE_REGULAR	30.0
troy_main_hero_all_ability_ignore_pain	45.0	120.0	-1	0.0	true	0	0	false	-1.0		false	false	false	0.0		false	0.0	false	1406966866				0.0	0.0						0.0		augment_defense	troy_main_abilities_buff		battle_vo_order_special_ability_self_buf	10.0	0.0				false	false	true	false	75.0	RAGE_REGULAR	70.0
troy_main_hero_all_ability_ignore_pain_spec_duration	90.0	120.0	-1	0.0	true	0	0	false	-1.0		false	false	false	0.0		false	0.0	false	1627583873				0.0	0.0						0.0		augment_defense	troy_main_abilities_buff		battle_vo_order_special_ability_self_buf	10.0	0.0				false	false	true	false	75.0	RAGE_REGULAR	70.0
troy_main_hero_all_ability_ignore_pain_spec_heal	46.0	120.0	-1	0.0	true	0	0	false	-1.0		false	false	false	0.0		false	0.0	false	666605365				0.0	0.0						0.0		augment_melee_healing	troy_main_abilities_buff		battle_vo_order_special_ability_self_buf	10.0	0.0				false	false	true	false	75.0	RAGE_REGULAR	70.0
troy_main_hero_all_ability_throw_rock	-1.0	45.0	-1	0.0	false	0	-1	false	-1.0	troy_main_hero_all_ability_throw_rock	false	true	false	100.0		false	1.0	false	790525884			throw_rock	0.0	0.0	troy_main_spell_generic_missile	troy_main_spell_generic_missile	troy_main_spell_generic_missile			0.0		projectile	troy_main_abilities_melee		battle_vo_order_special_ability_offense	10.0	0.0				false	false	true	false	20.0	RAGE_REGULAR	25.0
troy_main_hero_all_ability_throw_rock_spec_area	-1.0	45.0	-1	0.0	false	0	-1	false	-1.0	troy_main_hero_all_ability_throw_rock_spec_area	false	true	false	100.0		false	1.0	false	215374753			throw_rock	0.0	0.0	troy_main_spell_generic_missile	troy_main_spell_generic_missile	troy_main_spell_generic_missile			0.0		projectile	troy_main_abilities_melee		battle_vo_order_special_ability_offense	10.0	0.0				false	false	true	false	20.0	RAGE_REGULAR	25.0
troy_main_hero_all_ability_throw_rock_spec_range	-1.0	45.0	-1	0.0	false	0	-1	false	-1.0	troy_main_hero_all_ability_throw_rock_spec_range	false	true	false	160.0		false	1.0	false	720006309			throw_rock	0.0	0.0	troy_main_spell_generic_missile	troy_main_spell_generic_missile	troy_main_spell_generic_missile			0.0		projectile_ap	troy_main_abilities_melee		battle_vo_order_special_ability_offense	10.0	0.0				false	false	true	false	20.0	RAGE_REGULAR	25.0
troy_main_hero_archer_ability_apollos_rain	30.0	120.0	-1	40.0	true	-1	0	false	0.0		false	false	false	0.0		false	1.0	false	1345515017			cast_up_short	0.0	0.0	troy_main_abilities_generic_buff					0.0		augment_ranged	troy_main_abilities_archer		battle_vo_order_special_ability_offense	10.0	50.0				false	false	true	false	60.0	RAGE_REGULAR	50.0
troy_main_hero_archer_ability_apollos_rain_distant	30.0	120.0	-1	40.0	true	-1	0	false	0.0		false	false	false	0.0		false	1.0	false	1522610440			cast_up_short	0.0	0.0	troy_main_abilities_generic_buff					0.0		augment_ranged	troy_main_abilities_archer		battle_vo_order_special_ability_offense	10.0	30.0				false	false	true	false	60.0	RAGE_REGULAR	50.0
troy_main_hero_archer_ability_apollos_rain_piercing	30.0	120.0	-1	40.0	true	-1	0	false	0.0		false	false	false	0.0		false	1.0	false	1187716490			cast_up_short	0.0	0.0	troy_main_abilities_generic_buff					0.0		augment_ranged	troy_main_abilities_archer		battle_vo_order_special_ability_offense	10.0	50.0				false	false	true	false	60.0	RAGE_REGULAR	50.0
troy_main_hero_archer_ability_born_with_the_bow	40.0	90.0	-1	0.0	true	0	0	true	-1.0		false	false	false	0.0		false	0.0	false	99051133				0.0	0.0						0.0			troy_main_abilities_archer		battle_vo_order_special_ability_self_buf	10.0	163.0				false	false	true	false	0.0	RAGE_REGULAR	20.0
troy_main_hero_archer_ability_born_with_the_bow_spec_ias	40.0	90.0	-1	0.0	true	0	0	true	-1.0		false	false	false	0.0		false	0.0	false	1325254711				0.0	0.0						0.0			troy_main_abilities_archer		battle_vo_order_special_ability_self_buf	10.0	163.0				false	false	true	false	0.0	RAGE_REGULAR	20.0
troy_main_hero_archer_ability_born_with_the_bow_spec_speed	40.0	90.0	-1	0.0	true	0	0	true	-1.0		false	false	false	0.0		false	0.0	false	720993965				0.0	0.0						0.0			troy_main_abilities_archer		battle_vo_order_special_ability_self_buf	10.0	163.0				false	false	true	false	0.0	RAGE_REGULAR	20.0
troy_main_hero_archer_ability_cheat_hades	30.0	90.0	-1	0.0	true	0	0	false	-1.0		false	false	false	0.0		false	0.3	false	827421816			cast_up_short	0.0	0.0						0.0		augment_defense	troy_main_abilities_heal		battle_vo_order_special_ability_self_buf	30.0	10.0				false	false	true	false	0.0	RAGE_REGULAR	30.0
troy_main_hero_archer_ability_cheat_hades_elusive	30.0	90.0	-1	0.0	true	0	0	false	-1.0		false	false	false	0.0		false	0.3	false	210313660			cast_up_short	0.0	0.0						0.0		augment_defense	troy_main_abilities_heal		battle_vo_order_special_ability_self_buf	30.0	10.0				false	false	true	false	0.0	RAGE_REGULAR	30.0
troy_main_hero_archer_ability_cheat_hades_relentless	30.0	90.0	-1	0.0	true	0	0	false	-1.0		false	false	false	0.0		false	0.3	false	1782776048			cast_up_short	0.0	0.0						0.0		augment_defense	troy_main_abilities_heal		battle_vo_order_special_ability_self_buf	30.0	10.0				false	false	true	false	0.0	RAGE_REGULAR	30.0
troy_main_hero_archer_ability_eagle_eye	60.0	60.0	-1	0.0	true	0	0	false	-1.0		false	false	false	0.0		false	0.0	false	1493936130				0.0	0.0	troy_main_abilities_generic_buff					0.0			troy_main_abilities_archer		battle_vo_order_special_ability_self_buf	10.0	0.0				false	false	true	false	50.0	RAGE_REGULAR	35.0
troy_main_hero_archer_ability_eagle_eye_spec_arp	60.0	60.0	-1	0.0	true	0	0	false	-1.0		false	false	false	0.0		false	0.0	false	2040204293				0.0	0.0	troy_main_abilities_generic_buff					0.0			troy_main_abilities_archer		battle_vo_order_special_ability_self_buf	10.0	0.0				false	false	true	false	50.0	RAGE_REGULAR	35.0
troy_main_hero_archer_ability_eagle_eye_spec_cost	60.0	60.0	-1	0.0	true	0	0	false	-1.0		false	false	false	0.0		false	0.0	false	1654738866				0.0	0.0	troy_main_abilities_generic_buff					0.0			troy_main_abilities_archer		battle_vo_order_special_ability_self_buf	10.0	0.0				false	false	true	false	30.0	RAGE_REGULAR	35.0
troy_main_hero_archer_ability_explosive_attacks	-1.0	-1.0	-1	0.0	true	0	0	false	-1.0		false	false	false	0.0		false	0.0	false	1333545742				0.0	0.0						0.0		augment_ranged	troy_main_abilities_melee		battle_vo_order_special_ability_self_buf	10.0	0.0				false	false	true	false	2.0	RAGE_PER_SEC	2.0
troy_main_hero_archer_ability_explosive_attacks_spec_ap	-1.0	-1.0	-1	0.0	true	0	0	false	-1.0		false	false	false	0.0		false	0.0	false	2051899795				0.0	0.0						0.0		augment_ranged	troy_main_abilities_melee		battle_vo_order_special_ability_self_buf	10.0	0.0				false	false	true	false	2.0	RAGE_PER_SEC	2.0
troy_main_hero_archer_ability_explosive_attacks_spec_cost	-1.0	-1.0	-1	0.0	true	0	0	false	-1.0		false	false	false	0.0		false	0.0	false	386830339				0.0	0.0						0.0		augment_ranged	troy_main_abilities_melee		battle_vo_order_special_ability_self_buf	10.0	0.0				false	false	true	false	2.0	RAGE_PER_SEC	2.0
troy_main_hero_archer_ability_inspired_shots	-1.0	-1.0	-1	0.0	true	0	0	false	-1.0		false	false	false	0.0		false	0.0	false	1270153705				0.0	0.0						0.0		augment_ranged	troy_main_abilities_archer		battle_vo_order_special_ability_self_buf	10.0	0.0				false	false	true	false	6.0	RAGE_PER_SEC	2.0
troy_main_hero_archer_ability_inspired_shots_spec_cost	-1.0	-1.0	-1	0.0	true	0	0	false	-1.0		false	false	false	0.0		false	0.0	false	1324622825				0.0	0.0						0.0		augment_ranged	troy_main_abilities_archer		battle_vo_order_special_ability_self_buf	10.0	0.0				false	false	true	false	5.0	RAGE_PER_SEC	2.0
troy_main_hero_archer_ability_inspired_shots_spec_damage	-1.0	-1.0	-1	0.0	true	0	0	false	-1.0		false	false	false	0.0		false	0.0	false	525026299				0.0	0.0						0.0		augment_ranged	troy_main_abilities_archer		battle_vo_order_special_ability_self_buf	10.0	0.0				false	false	true	false	6.0	RAGE_PER_SEC	2.0
troy_main_hero_archer_ability_multishot	-1.0	45.0	-1	0.0	false	0	-1	false	-1.0	troy_main_hero_archer_ability_multishot	false	true	false	150.0		false	3.0	false	379113034			multiple_shot	0.0	0.0	troy_main_spell_generic_missile	troy_main_spell_generic_missile				0.0		projectile	troy_main_abilities_archer		battle_vo_order_special_ability_offense	10.0	0.0				false	false	true	false	50.0	RAGE_REGULAR	25.0
troy_main_hero_archer_ability_multishot_spec_dmg_close	-1.0	45.0	-1	0.0	false	0	-1	false	-1.0	troy_main_hero_archer_ability_multishot_spec_dmg_close	false	true	false	150.0		false	3.0	false	696572638			multiple_shot	0.0	0.0	troy_main_spell_generic_missile	troy_main_spell_generic_missile				0.0		projectile	troy_main_abilities_archer		battle_vo_order_special_ability_offense	10.0	0.0				false	false	true	false	50.0	RAGE_REGULAR	25.0
troy_main_hero_archer_ability_multishot_spec_knockback	-1.0	45.0	-1	0.0	false	0	-1	false	-1.0	troy_main_hero_archer_ability_multishot_spec_knockback	false	true	false	200.0		false	3.0	false	1550490113			multiple_shot	0.0	0.0	troy_main_spell_generic_missile	troy_main_spell_generic_missile				0.0		projectile_ap	troy_main_abilities_archer		battle_vo_order_special_ability_offense	10.0	0.0				false	false	true	false	50.0	RAGE_REGULAR	25.0
troy_main_hero_archer_ability_precise_shot	-1.0	-1.0	-1	0.0	false	0	-1	false	-1.0	troy_main_hero_archer_ability_precise_shot	false	true	false	250.0		false	5.0	false	862111155			precise_shot	0.0	0.0	troy_main_spell_generic_missile					0.0		projectile	troy_main_abilities_archer		battle_vo_order_special_ability_offense	10.0	0.0				false	false	true	false	30.0	RAGE_REGULAR	30.0
troy_main_hero_archer_ability_precise_shot_spec_cost	-1.0	-1.0	-1	0.0	false	0	-1	false	-1.0	troy_main_hero_archer_ability_precise_shot	false	true	false	250.0		false	5.0	false	819440855			precise_shot	0.0	0.0	troy_main_spell_generic_missile					0.0		projectile	troy_main_abilities_archer		battle_vo_order_special_ability_offense	10.0	0.0				false	false	true	false	20.0	RAGE_REGULAR	30.0
troy_main_hero_archer_ability_precise_shot_spec_damage	-1.0	-1.0	-1	0.0	false	0	-1	false	-1.0	troy_main_hero_archer_ability_precise_shot_spec_damage	false	true	false	250.0		false	5.0	false	1337944580			precise_shot	0.0	0.0	troy_main_spell_generic_missile					0.0		projectile	troy_main_abilities_archer		battle_vo_order_special_ability_offense	10.0	0.0				false	false	true	false	30.0	RAGE_REGULAR	30.0
troy_main_hero_archer_ability_rapid_fire	-1.0	-1.0	-1	0.0	true	0	0	false	-1.0		false	false	false	0.0		false	0.0	false	1008854037				0.0	0.0						0.0		augment_ranged	troy_main_abilities_archer		battle_vo_order_special_ability_self_buf	10.0	0.0				false	false	true	false	5.0	RAGE_PER_SEC	2.0
troy_main_hero_archer_ability_rapid_fire_spec_cost	-1.0	-1.0	-1	0.0	true	0	0	false	-1.0		false	false	false	0.0		false	0.0	false	1797613964				0.0	0.0						0.0		augment_ranged	troy_main_abilities_archer		battle_vo_order_special_ability_self_buf	10.0	0.0				false	false	true	false	3.0	RAGE_PER_SEC	2.0
troy_main_hero_archer_ability_rapid_fire_spec_dmg	-1.0	-1.0	-1	0.0	true	0	0	false	-1.0		false	false	false	0.0		false	0.0	false	1532414271				0.0	0.0						0.0		augment_ranged	troy_main_abilities_archer		battle_vo_order_special_ability_self_buf	10.0	0.0				false	false	true	false	5.0	RAGE_PER_SEC	2.0
troy_main_hero_archer_ability_relentless_pursuit	45.0	90.0	-1	0.0	true	0	0	false	-1.0		false	false	false	0.0		false	0.0	false	298634452				0.0	0.0						0.0		augment_ranged	troy_main_abilities_archer		battle_vo_order_special_ability_self_buf	10.0	0.0				false	false	true	false	50.0	RAGE_REGULAR	50.0
troy_main_hero_archer_ability_relentless_pursuit_spec_cooldown	45.0	60.0	-1	0.0	true	0	0	false	-1.0		false	false	false	0.0		false	0.0	false	358970043				0.0	0.0						0.0		augment_ranged	troy_main_abilities_archer		battle_vo_order_special_ability_self_buf	10.0	0.0				false	false	true	false	50.0	RAGE_REGULAR	50.0
troy_main_hero_archer_ability_relentless_pursuit_spec_cost	45.0	90.0	-1	0.0	true	0	0	false	-1.0		false	false	false	0.0		false	0.0	false	357475864				0.0	0.0						0.0		augment_ranged	troy_main_abilities_archer		battle_vo_order_special_ability_self_buf	10.0	0.0				false	false	true	false	30.0	RAGE_REGULAR	50.0
troy_main_hero_archer_ability_stalk	67.0	90.0	-1	0.0	true	0	0	false	0.0		false	false	false	0.0		false	0.0	false	591216091				0.0	0.0						0.0		flanking_opportunity	troy_main_abilities_debuff		battle_vo_order_special_ability_self_buf	10.0	0.0				false	false	true	false	0.0	RAGE_REGULAR	55.0
troy_main_hero_archer_ability_stalk_spec_unspottable	67.0	90.0	-1	0.0	true	0	0	false	0.0		false	false	false	0.0		false	0.0	false	436869916				0.0	0.0						0.0		flanking_opportunity	troy_main_abilities_debuff		battle_vo_order_special_ability_self_buf	10.0	0.0				false	false	true	false	0.0	RAGE_REGULAR	55.0
troy_main_hero_archer_ability_strafe	60.0	60.0	-1	0.0	true	0	0	false	-1.0		false	false	false	0.0		false	0.0	false	2114057480				0.0	0.0	troy_main_abilities_generic_buff					0.0			troy_main_abilities_archer		battle_vo_order_special_ability_self_buf	10.0	0.0				false	false	true	false	75.0	RAGE_REGULAR	40.0
troy_main_hero_archer_ability_strafe_spec_dmg	60.0	60.0	-1	0.0	true	0	0	false	-1.0		false	false	false	0.0		false	0.0	false	1957068213				0.0	0.0	troy_main_abilities_generic_buff					0.0			troy_main_abilities_archer		battle_vo_order_special_ability_self_buf	10.0	0.0				false	false	true	false	75.0	RAGE_REGULAR	40.0
troy_main_hero_archer_ability_strafe_spec_speed	60.0	60.0	-1	0.0	true	0	0	false	-1.0		false	false	false	0.0		false	0.0	false	832302757				0.0	0.0	troy_main_abilities_generic_buff					0.0			troy_main_abilities_archer		battle_vo_order_special_ability_self_buf	10.0	0.0				false	false	true	false	75.0	RAGE_REGULAR	40.0
troy_main_hero_defender_ability_brace	50.0	120.0	-1	40.0	true	-1	0	false	-1.0		false	false	false	40.0		false	0.0	false	228557334				0.0	0.0	troy_main_abilities_generic_buff					0.0		threatened	troy_main_abilities_buff		battle_vo_order_special_ability_self_buf	10.0	0.0				false	false	true	false	0.0	RAGE_REGULAR	10.0
troy_main_hero_defender_ability_brace_spec_charge_def	50.0	120.0	-1	40.0	true	-1	0	false	-1.0		false	false	false	40.0		false	0.0	false	1200475922				0.0	0.0	troy_main_abilities_generic_buff					0.0		threatened	troy_main_abilities_buff		battle_vo_order_special_ability_self_buf	10.0	0.0				false	false	true	false	0.0	RAGE_REGULAR	10.0
troy_main_hero_defender_ability_brace_spec_radius	50.0	120.0	-1	60.0	true	-1	0	false	-1.0		false	false	false	60.0		false	0.0	false	1358578928				0.0	0.0	troy_main_abilities_generic_buff					0.0		threatened	troy_main_abilities_buff		battle_vo_order_special_ability_self_buf	10.0	0.0				false	false	true	false	0.0	RAGE_REGULAR	10.0
troy_main_hero_defender_ability_care_for_fallen	45.0	180.0	2	30.0	true	-1	0	true	-1.0		true	false	false	30.0		false	0.0	false	794252650				0.0	0.0	troy_main_abilities_generic_regeneration_active					0.0		healing	troy_main_abilities_heal		battle_vo_order_special_ability_defence	10.0	0.0				false	false	true	false	0.0	RAGE_REGULAR	40.0
troy_main_hero_defender_ability_care_for_fallen_spec_cd	45.0	90.0	2	30.0	true	-1	0	true	-1.0		true	false	false	30.0		false	0.0	false	1164762928				0.0	0.0	troy_main_abilities_generic_regeneration_active					0.0		healing	troy_main_abilities_heal		battle_vo_order_special_ability_defence	10.0	0.0				false	false	true	false	0.0	RAGE_REGULAR	40.0
troy_main_hero_defender_ability_care_for_fallen_spec_heal	45.0	180.0	2	30.0	true	-1	0	true	-1.0		true	false	false	30.0		false	0.0	false	1162339091				0.0	0.0	troy_main_abilities_generic_regeneration_active					0.0		healing	troy_main_abilities_heal		battle_vo_order_special_ability_defence	10.0	0.0				false	false	true	false	0.0	RAGE_REGULAR	40.0
troy_main_hero_defender_ability_dread_of_ares	25.0	80.0	-1	0.0	false	0	-1	false	-1.0		false	true	false	50.0		false	1.0	false	911382880			cast_up_short	0.0	0.0	troy_main_abilities_generic_debuff					0.0		hex_morale	troy_main_abilities_debuff		battle_vo_order_special_ability_offense	30.0	10.0				false	false	true	false	50.0	RAGE_REGULAR	50.0
troy_main_hero_defender_ability_dread_of_ares_melee_attack_reduction	25.0	80.0	-1	0.0	false	0	-1	false	-1.0		false	true	false	50.0		false	1.0	false	1736057526			cast_up_short	0.0	0.0	troy_main_abilities_generic_debuff					0.0		hex_morale	troy_main_abilities_debuff		battle_vo_order_special_ability_offense	50.0	15.0				false	false	true	false	50.0	RAGE_REGULAR	50.0
troy_main_hero_defender_ability_dread_of_ares_missile_vulnerability	25.0	80.0	-1	0.0	false	0	-1	false	-1.0		false	true	false	50.0		false	1.0	false	1571865831			cast_up_short	0.0	0.0	troy_main_abilities_generic_debuff					0.0		hex_morale	troy_main_abilities_debuff		battle_vo_order_special_ability_offense	50.0	15.0				false	false	true	false	50.0	RAGE_REGULAR	50.0
troy_main_hero_defender_ability_hallowed_ground	30.0	100.0	-1	30.0	true	-1	0	false	-1.0		false	false	true	70.0		true	1.0	false	1941845016			cast_up_short	0.0	0.0	troy_main_army_abilities_generic_bombardment					0.0		augment_melee_morale_area	troy_main_abilities_heal		battle_vo_order_special_ability_self_buf	20.0	30.0				false	false	true	false	75.0	RAGE_REGULAR	75.0
troy_main_hero_defender_ability_hallowed_ground_longlasting	60.0	100.0	-1	30.0	true	-1	0	false	-1.0		false	false	true	70.0		true	1.0	false	1004963204			cast_up_short	0.0	0.0	troy_main_army_abilities_generic_bombardment					0.0		augment_melee_morale_area	troy_main_abilities_heal		battle_vo_order_special_ability_self_buf	20.0	30.0				false	false	true	false	75.0	RAGE_REGULAR	75.0
troy_main_hero_defender_ability_hallowed_ground_vast	30.0	100.0	-1	45.0	true	-1	0	false	-1.0		false	false	true	70.0		true	1.0	false	253124860			cast_up_short	0.0	0.0	troy_main_army_abilities_generic_bombardment					0.0		augment_melee_morale_area	troy_main_abilities_heal		battle_vo_order_special_ability_self_buf	20.0	30.0				false	false	true	false	75.0	RAGE_REGULAR	75.0
troy_main_hero_defender_ability_heroic_resolve	25.0	180.0	-1	0.0	true	0	0	true	-1.0		false	false	false	0.0		false	0.3	false	1649488951			cast_up_short	0.0	0.0						0.0		augment_defense	troy_main_abilities_buff		battle_vo_order_special_ability_self_buf	10.0	0.0				false	false	true	false	80.0	RAGE_REGULAR	60.0
troy_main_hero_defender_ability_heroic_resolve_spec_duration	40.0	180.0	-1	0.0	true	0	0	true	-1.0		false	false	false	0.0		false	0.3	false	1984993650			cast_up_short	0.0	0.0						0.0		augment_defense	troy_main_abilities_buff		battle_vo_order_special_ability_self_buf	10.0	0.0				false	false	true	false	80.0	RAGE_REGULAR	60.0
troy_main_hero_defender_ability_heroic_resolve_spec_heal	25.0	180.0	-1	0.0	true	1	0	false	-1.0		false	false	false	0.0		false	0.3	false	1561691885			cast_up_short	0.0	0.0						0.0		augment_melee_healing	troy_main_abilities_buff		battle_vo_order_special_ability_self_buf	10.0	0.0				false	false	true	false	80.0	RAGE_REGULAR	60.0
troy_main_hero_defender_ability_recuperate	20.0	90.0	-1	30.0	true	-1	0	false	-1.0		false	false	false	20.0		false	0.5	false	387988110			cast_up_short	0.0	0.0	troy_main_abilities_generic_buff					0.0		augment_defense_area	troy_main_abilities_heal		battle_vo_order_special_ability_self_buf	10.0	0.0				false	false	true	false	40.0	RAGE_REGULAR	50.0
troy_main_hero_defender_ability_recuperate_spec_cd	20.0	60.0	-1	30.0	true	-1	0	false	-1.0		false	false	false	20.0		false	0.5	false	557729432			cast_up_short	0.0	0.0	troy_main_abilities_generic_buff					0.0		augment_defense_area	troy_main_abilities_heal		battle_vo_order_special_ability_self_buf	10.0	0.0				false	false	true	false	40.0	RAGE_REGULAR	50.0
troy_main_hero_defender_ability_recuperate_spec_increase_amount	20.0	90.0	-1	30.0	true	-1	0	false	-1.0		false	false	false	20.0		false	0.5	false	926772405			cast_up_short	0.0	0.0	troy_main_abilities_generic_buff					0.0		augment_defense_area	troy_main_abilities_heal		battle_vo_order_special_ability_self_buf	10.0	0.0				false	false	true	false	40.0	RAGE_REGULAR	50.0
troy_main_hero_defender_ability_second_wind	55.0	120.0	2	0.0	true	1	0	true	-1.0		false	false	false	0.0		false	0.0	false	593100002				0.0	0.0						0.0		augment_melee_healing	troy_main_abilities_heal		battle_vo_order_special_ability_self_buf	10.0	0.0				false	false	true	false	0.0	RAGE_REGULAR	45.0
troy_main_hero_defender_ability_second_wind_spec_rage	55.0	120.0	2	0.0	true	1	0	true	-1.0		false	false	false	0.0		false	0.0	false	488414744				0.0	0.0						0.0		augment_melee_healing	troy_main_abilities_heal		battle_vo_order_special_ability_self_buf	10.0	0.0				false	false	true	false	0.0	RAGE_REGULAR	45.0
troy_main_hero_defender_ability_second_wind_spec_vigour	55.0	120.0	2	0.0	true	1	0	true	-1.0		false	false	false	0.0		false	0.0	false	1336852359				0.0	0.0						0.0		augment_melee_healing	troy_main_abilities_heal		battle_vo_order_special_ability_self_buf	10.0	0.0				false	false	true	false	0.0	RAGE_REGULAR	45.0
troy_main_hero_defender_ability_set_example	0.0	-1.0	2	0.0	false	-1	0	false	-1.0		true	false	false	100.0		false	0.3	false	1487897539			cast_up_short	0.0	0.0	troy_main_spell_generic_bombardment					0.0		augment_melee_morale_area	troy_main_abilities_buff		battle_vo_order_special_ability_self_buf	10.0	0.0				false	false	true	false	0.0	RAGE_REGULAR	30.0
troy_main_hero_defender_ability_set_example_spec_leadership	0.0	-1.0	2	0.0	false	-1	0	false	-1.0		true	false	false	100.0		false	0.3	false	1474508440			cast_up_short	0.0	0.0	troy_main_spell_generic_bombardment					0.0		augment_melee_morale_area	troy_main_abilities_buff		battle_vo_order_special_ability_self_buf	10.0	0.0				false	false	true	false	0.0	RAGE_REGULAR	30.0
troy_main_hero_defender_ability_set_example_spec_trice	0.0	-1.0	3	0.0	false	-1	0	false	-1.0		true	false	false	100.0		false	0.3	false	1505498411			cast_up_short	0.0	0.0	troy_main_spell_generic_bombardment					0.0		augment_melee_morale_area	troy_main_abilities_buff		battle_vo_order_special_ability_self_buf	10.0	0.0				false	false	true	false	0.0	RAGE_REGULAR	30.0
troy_main_hero_defender_ability_taunt	45.0	120.0	-1	1.0	false	0	-1	false	-1.0		false	true	false	30.0		false	1.0	false	1668090948			cast_forward_short	0.0	0.0						0.0		hex_ranged	troy_main_abilities_debuff		battle_vo_order_special_ability_offense	10.0	0.0				false	false	true	false	0.0	RAGE_REGULAR	30.0
troy_main_hero_defender_ability_taunt_spec_armor	45.0	120.0	-1	1.0	false	0	-1	false	-1.0		false	true	false	30.0		false	1.0	false	566970601			cast_forward_short	0.0	0.0						0.0		hex_ranged	troy_main_abilities_debuff		battle_vo_order_special_ability_offense	10.0	0.0				false	false	true	false	0.0	RAGE_REGULAR	30.0
troy_main_hero_defender_ability_taunt_spec_duration	60.0	120.0	-1	1.0	false	0	-1	false	-1.0		false	true	false	30.0		false	1.0	false	128255106			cast_forward_short	0.0	0.0						0.0		hex_ranged	troy_main_abilities_debuff		battle_vo_order_special_ability_offense	10.0	0.0				false	false	true	false	0.0	RAGE_REGULAR	30.0
troy_main_hero_defender_bulwark	-1.0	-1.0	-1	0.0	true	0	0	false	-1.0		false	false	false	0.0		false	0.0	false	713359713				0.0	0.0						0.0		augment_defense	troy_main_abilities_melee		battle_vo_order_special_ability_self_buf	0.0	0.0				false	false	true	false	4.0	RAGE_PER_SEC	2.0
troy_main_hero_defender_bulwark_spec_armour	-1.0	-1.0	-1	15.0	true	-1	0	false	-1.0		false	false	false	15.0		false	0.0	false	1141654326				0.0	0.0						0.0		augment_defense_area	troy_main_abilities_melee		battle_vo_order_special_ability_self_buf	0.0	0.0				false	false	true	false	4.0	RAGE_PER_SEC	2.0
troy_main_hero_fighter_ability_batter	-1.0	-1.0	-1	0.0	true	0	0	false	-1.0		false	false	false	0.0		false	0.0	false	1709992974				0.0	0.0						0.0		augment_melee	troy_main_abilities_melee		battle_vo_order_special_ability_self_buf	10.0	0.0				false	false	true	false	5.0	RAGE_PER_SEC	1.0
troy_main_hero_fighter_ability_batter_spec_arp	-1.0	-1.0	-1	0.0	true	0	0	false	-1.0		false	false	false	0.0		false	0.0	false	566726351				0.0	0.0						0.0		augment_melee	troy_main_abilities_melee		battle_vo_order_special_ability_self_buf	10.0	0.0				false	false	true	false	5.0	RAGE_PER_SEC	1.0
troy_main_hero_fighter_ability_batter_spec_cost	-1.0	-1.0	-1	0.0	true	0	0	false	-1.0		false	false	false	0.0		false	0.0	false	1235803257				0.0	0.0						0.0		augment_melee	troy_main_abilities_melee		battle_vo_order_special_ability_self_buf	10.0	0.0				false	false	true	false	2.0	RAGE_PER_SEC	1.0
troy_main_hero_fighter_ability_blind_rage	45.0	120.0	-1	0.0	true	0	0	false	-1.0		false	false	false	0.0		true	0.0	false	965445188				0.0	0.0						0.0		augment_melee	troy_main_abilities_melee		battle_vo_order_special_ability_self_buf	10.0	0.0				false	false	true	false	100.0	RAGE_REGULAR	90.0
troy_main_hero_fighter_ability_blind_rage_spec_dmg	45.0	120.0	-1	0.0	true	0	0	false	-1.0		false	false	false	0.0		true	0.0	false	385363077				0.0	0.0						0.0		augment_melee	troy_main_abilities_melee		battle_vo_order_special_ability_self_buf	10.0	0.0				false	false	true	false	100.0	RAGE_REGULAR	90.0
troy_main_hero_fighter_ability_blind_rage_spec_duration	60.0	120.0	-1	0.0	true	0	0	false	-1.0		false	false	false	0.0		true	0.0	false	2127483795				0.0	0.0						0.0		augment_melee	troy_main_abilities_melee		battle_vo_order_special_ability_self_buf	10.0	0.0				false	false	true	false	100.0	RAGE_REGULAR	90.0
troy_main_hero_fighter_ability_blood_sacrifice	60.0	40.0	-1	40.0	true	-1	0	false	-1.0		false	false	false	40.0		false	0.3	false	1156205438			cast_up_short	0.0	0.0						0.0			troy_main_abilities_melee		battle_vo_order_special_ability_self_buf	10.0	0.0				false	false	true	false	0.0	RAGE_REGULAR	25.0
troy_main_hero_fighter_ability_blood_sacrifice_spec_cost	60.0	40.0	-1	40.0	true	-1	0	false	-1.0		false	false	false	40.0		false	0.3	false	305473732			cast_up_short	0.0	0.0						0.0			troy_main_abilities_melee		battle_vo_order_special_ability_self_buf	10.0	0.0				false	false	true	false	0.0	RAGE_REGULAR	25.0
troy_main_hero_fighter_ability_blood_sacrifice_spec_leadership_damage	60.0	40.0	-1	40.0	true	-1	0	false	-1.0		false	false	false	40.0		false	0.3	false	849861407			cast_up_short	0.0	0.0						0.0			troy_main_abilities_melee		battle_vo_order_special_ability_self_buf	10.0	0.0				false	false	true	false	0.0	RAGE_REGULAR	25.0
troy_main_hero_fighter_ability_bow_to_the_moirai	60.0	180.0	-1	0.0	true	0	0	false	-1.0		false	false	false	0.0		false	0.0	false	98484850				0.0	0.0						0.0		augment_melee	troy_main_abilities_buff		battle_vo_order_special_ability_self_buf	10.0	0.0				false	false	true	false	0.0	RAGE_REGULAR	90.0
troy_main_hero_fighter_ability_bow_to_the_moirai_spec_armor	60.0	180.0	-1	0.0	true	0	0	false	-1.0		false	false	false	0.0		false	0.0	false	1226135360				0.0	0.0						0.0		augment_melee	troy_main_abilities_buff		battle_vo_order_special_ability_self_buf	10.0	0.0				false	false	true	false	0.0	RAGE_REGULAR	90.0
troy_main_hero_fighter_ability_bow_to_the_moirai_spec_damage	60.0	180.0	-1	0.0	true	0	0	false	-1.0		false	false	false	0.0		false	0.0	false	1700294298				0.0	0.0						0.0		augment_melee	troy_main_abilities_buff		battle_vo_order_special_ability_self_buf	10.0	0.0				false	false	true	false	0.0	RAGE_REGULAR	90.0
troy_main_hero_fighter_ability_cleave	25.0	60.0	-1	0.0	true	0	0	false	0.0		false	false	false	0.0		false	0.0	false	2117675412				0.0	0.0	troy_ph_abilities_generic_buff_no_ring					0.0		augment_melee	troy_main_abilities_melee		battle_vo_order_special_ability_offense	30.0	0.0				false	false	true	false	60.0	RAGE_REGULAR	35.0
troy_main_hero_fighter_ability_cleave_spec_relentless	25.0	60.0	-1	0.0	true	0	0	false	0.0		false	false	false	0.0		false	0.0	false	1648908291				0.0	0.0	troy_ph_abilities_generic_buff_no_ring					0.0		augment_melee	troy_main_abilities_melee		battle_vo_order_special_ability_offense	30.0	0.0				false	false	true	false	60.0	RAGE_REGULAR	35.0
troy_main_hero_fighter_ability_cleave_spec_ruthless	25.0	60.0	-1	0.0	true	0	0	false	0.0		false	false	false	0.0		false	0.0	false	435146411				0.0	0.0	troy_ph_abilities_generic_buff_no_ring					0.0		augment_melee	troy_main_abilities_melee		battle_vo_order_special_ability_offense	30.0	0.0				false	false	true	false	60.0	RAGE_REGULAR	35.0
troy_main_hero_fighter_ability_desecrate_the_fallen	-1.0	-1.0	-1	0.0	true	0	0	false	-1.0		false	false	false	0.0		false	0.0	false	2080352151				0.0	0.0						0.0		hex_morale_area	troy_main_abilities_debuff		battle_vo_order_special_ability_self_buf	10.0	0.0				false	false	true	false	3.0	RAGE_PER_SEC	3.0
troy_main_hero_fighter_ability_desecrate_the_fallen_spec_armour	-1.0	-1.0	-1	0.0	true	0	0	false	-1.0		false	false	false	0.0		false	0.0	false	406783218				0.0	0.0						0.0		hex_morale_area	troy_main_abilities_debuff		battle_vo_order_special_ability_self_buf	10.0	0.0				false	false	true	false	3.0	RAGE_PER_SEC	3.0
troy_main_hero_fighter_ability_desecrate_the_fallen_spec_cost	-1.0	-1.0	-1	0.0	true	0	0	false	-1.0		false	false	false	0.0		false	0.0	false	2136241382				0.0	0.0						0.0		hex_morale_area	troy_main_abilities_debuff		battle_vo_order_special_ability_self_buf	10.0	0.0				false	false	true	false	2.0	RAGE_PER_SEC	2.0
troy_main_hero_fighter_ability_focused_strikes	-1.0	-1.0	-1	0.0	true	0	0	false	-1.0		false	false	false	0.0		false	0.0	false	2124888905				0.0	0.0						0.0		augment_melee	troy_main_abilities_melee		battle_vo_order_special_ability_self_buf	10.0	0.0				false	false	true	false	5.0	RAGE_PER_SEC	0.5
troy_main_hero_fighter_ability_focused_strikes_spec_cost	-1.0	-1.0	-1	0.0	true	0	0	false	-1.0		false	false	false	0.0		false	0.0	false	2000704265				0.0	0.0						0.0		augment_melee	troy_main_abilities_melee		battle_vo_order_special_ability_self_buf	10.0	0.0				false	false	true	false	2.5	RAGE_PER_SEC	0.5
troy_main_hero_fighter_ability_focused_strikes_spec_less_reduction	-1.0	-1.0	-1	0.0	true	0	0	false	-1.0		false	false	false	0.0		false	0.0	false	67113386				0.0	0.0						0.0		augment_melee	troy_main_abilities_melee		battle_vo_order_special_ability_self_buf	10.0	0.0				false	false	true	false	5.0	RAGE_PER_SEC	0.5
troy_main_hero_fighter_ability_frenzy	-1.0	20.0	-1	0.0	true	0	0	false	-1.0		false	false	false	0.0		false	0.0	false	549747080				0.0	0.0						0.0		augment_melee	troy_main_abilities_buff		battle_vo_order_special_ability_self_buf	10.0	0.0				false	false	true	false	0.0	RAGE_REGULAR	2.0
troy_main_hero_fighter_ability_frenzy_spec_vigour	-1.0	20.0	-1	0.0	true	0	0	false	-1.0		false	false	false	0.0		false	0.0	false	119513737				0.0	0.0						0.0		augment_melee	troy_main_abilities_buff		battle_vo_order_special_ability_self_buf	10.0	0.0				false	false	true	false	0.0	RAGE_REGULAR	2.0
troy_main_hero_fighter_ability_jump_in_battle	3.0	60.0	-1	5.0	false	0	-1	false	-1.0		false	false	true	10.0		false	0.1	false	1813526350			jump_in_battle	0.0	0.0	troy_main_spell_generic_bombardment					0.0		aoe	troy_main_abilities_buff		battle_vo_order_special_ability_offense	10.0	0.0				false	true	true	false	0.0	RAGE_REGULAR	50.0
troy_main_hero_fighter_ability_jump_in_battle_spec_area	3.0	60.0	-1	10.0	false	0	-1	false	-1.0		false	false	true	5.0		false	0.1	false	1202339269			jump_in_battle	0.0	0.0	troy_main_spell_generic_bombardment					0.0		aoe	troy_main_abilities_buff		battle_vo_order_special_ability_offense	10.0	0.0				false	true	true	false	0.0	RAGE_REGULAR	50.0
troy_main_hero_fighter_ability_jump_in_battle_spec_armour	33.0	60.0	-1	5.0	false	0	-1	false	-1.0		false	false	true	10.0		false	0.1	false	2143287785			jump_in_battle	0.0	0.0	troy_main_spell_generic_bombardment					0.0		aoe	troy_main_abilities_buff		battle_vo_order_special_ability_offense	10.0	0.0				false	true	true	false	0.0	RAGE_REGULAR	50.0
troy_main_hero_fighter_ability_terrify	25.0	90.0	-1	0.0	false	0	-1	false	0.0		false	true	false	40.0		false	1.0	false	1003224959			warning_shout	0.0	0.0						0.0		hex_morale	troy_main_abilities_debuff		battle_vo_order_special_ability_offense	40.0	0.0				false	false	true	false	75.0	RAGE_REGULAR	70.0
troy_main_hero_fighter_ability_terrify_melee_defence_reduction	25.0	90.0	-1	0.0	false	0	-1	false	0.0		false	true	false	40.0		false	1.0	false	2078133879			warning_shout	0.0	0.0						0.0		hex_morale	troy_main_abilities_debuff		battle_vo_order_special_ability_offense	50.0	0.0				false	false	true	false	75.0	RAGE_REGULAR	70.0
troy_main_hero_fighter_ability_terrify_range	25.0	90.0	-1	0.0	false	0	-1	false	0.0		false	true	false	80.0		false	1.0	false	1304872642			warning_shout	0.0	0.0						0.0		hex_morale	troy_main_abilities_debuff		battle_vo_order_special_ability_offense	50.0	0.0				false	false	true	false	75.0	RAGE_REGULAR	120.0
troy_main_hero_fighter_ability_throw_spear	-1.0	45.0	-1	0.0	false	0	-1	false	-1.0	troy_main_hero_achilles_ability_throw_spear	false	true	false	300.0		false	1.0	false	1890019123			throw_spear	0.0	0.0	troy_main_spell_generic_missile	troy_main_spell_generic_missile				0.0		projectile	troy_main_abilities_archer		battle_vo_order_special_ability_offense	10.0	0.0				false	false	true	false	30.0	RAGE_REGULAR	30.0
troy_main_hero_fighter_ability_throw_spear_spec_cooldown	-1.0	30.0	-1	0.0	false	0	-1	false	-1.0	troy_main_hero_achilles_ability_throw_spear	false	true	false	300.0		false	1.0	false	1000846553			throw_spear	0.0	0.0	troy_main_spell_generic_missile	troy_main_spell_generic_missile				0.0		projectile	troy_main_abilities_archer		battle_vo_order_special_ability_offense	10.0	0.0				false	false	true	false	30.0	RAGE_REGULAR	30.0
troy_main_hero_fighter_ability_throw_spear_spec_dmg	-1.0	45.0	-1	0.0	false	0	-1	false	-1.0	troy_main_hero_achilles_ability_throw_spear_spec_dmg	false	true	false	300.0		false	1.0	false	649356689			throw_spear	0.0	0.0	troy_main_spell_generic_missile	troy_main_spell_generic_missile				0.0		projectile_ap	troy_main_abilities_archer		battle_vo_order_special_ability_offense	10.0	0.0				false	false	true	false	50.0	RAGE_REGULAR	30.0
troy_main_hero_fighter_ability_vanquish	15.0	40.0	-1	40.0	true	-1	0	false	0.0		false	false	false	0.0		false	0.1	false	659065052			cast_up_short	0.0	0.0	troy_main_abilities_generic_buff					0.0		augment_melee_area	troy_main_abilities_buff		battle_vo_order_special_ability_offense	50.0	20.0				false	false	true	false	0.0	RAGE_REGULAR	50.0
troy_main_hero_fighter_ability_vanquish_piercing	15.0	40.0	-1	40.0	true	-1	0	false	0.0		false	false	false	0.0		false	0.1	false	377962611			cast_up_short	0.0	0.0	troy_main_abilities_generic_buff					0.0		augment_melee_area	troy_main_abilities_buff		battle_vo_order_special_ability_offense	50.0	20.0				false	false	true	false	0.0	RAGE_REGULAR	50.0
troy_main_hero_fighter_ability_vanquish_precise	15.0	40.0	-1	40.0	true	-1	0	false	0.0		false	false	false	0.0		false	0.1	false	1528301908			cast_up_short	0.0	0.0	troy_main_abilities_generic_buff					0.0		augment_melee_area	troy_main_abilities_buff		battle_vo_order_special_ability_offense	50.0	20.0				false	false	true	false	0.0	RAGE_REGULAR	50.0
troy_main_hero_self_bloodthirst	-1.0	-1.0	-1	0.0	true	1	0	false	-1.0		false	false	false	0.0		false	0.0	true	1340998562				0.0	0.0						0.0			troy_main_abilities_melee		battle_vo_order_special_ability_self_buf	50.0	0.0				false	false	true	false	0.0	RAGE_REGULAR	0.0
troy_main_hero_self_bloodthirst_spec_in_battle	-1.0	-1.0	-1	0.0	true	1	0	false	-1.0		false	false	false	0.0		false	0.0	true	2026782708				0.0	0.0						0.0			troy_main_abilities_melee		battle_vo_order_special_ability_self_buf	50.0	0.0				false	false	true	false	0.0	RAGE_REGULAR	0.0
troy_main_hero_self_passive_regeneration	-1.0	-1.0	-1	0.0	true	0	0	false	-1.0		false	false	false	0.0		false	0.0	true	768				0.0	0.0	troy_main_abilities_generic_regeneration_no_ring					0.0					battle_vo_order_special_ability_generic_response	40.0	39.0				false	false	true	false	0.0	RAGE_REGULAR	0.0
troy_main_hero_self_regeneration	33.0	60.0	1	0.0	true	0	0	false	0.0		false	false	false	0.0		false	0.0	false	2375				0.0	0.0	troy_main_abilities_generic_regeneration_no_ring					0.0		healing	troy_main_abilities_heal		battle_vo_order_special_ability_self_buf	38.0	38.0				false	false	true	false	0.0	RAGE_REGULAR	0.0
troy_main_hero_self_sunder	-1.0	-1.0	-1	0.0	true	0	0	false	-1.0		false	false	false	0.0		false	0.0	true	2120426091				0.0	0.0						0.0		augment_melee	troy_main_abilities_buff		battle_vo_order_special_ability_generic_response	100.0	0.0				false	false	false	false	0.0	RAGE_REGULAR	0.0
troy_main_hero_self_sunder_spec_shield	-1.0	-1.0	-1	0.0	true	0	0	false	-1.0		false	false	false	0.0		false	0.0	true	735491262				0.0	0.0						0.0		augment_melee	troy_main_abilities_buff		battle_vo_order_special_ability_generic_response	120.0	0.0				false	false	false	false	0.0	RAGE_REGULAR	0.0
troy_main_hero_self_sunder_spec_speed	-1.0	-1.0	-1	0.0	true	0	0	false	-1.0		false	false	false	0.0		false	0.0	true	1306648063				0.0	0.0						0.0		augment_melee	troy_main_abilities_buff		battle_vo_order_special_ability_generic_response	120.0	0.0				false	false	false	false	0.0	RAGE_REGULAR	0.0
troy_main_hero_warlord_ability_armstice	30.0	90.0	-1	60.0	false	-1	-1	false	-1.0		false	false	true	200.0		true	0.0	false	241350654				0.0	0.0	troy_main_abilities_generic_buff	troy_main_abilities_generic_buff	troy_main_abilities_generic_buff			0.0		hex_ranged	troy_main_abilities_debuff		battle_vo_order_special_ability_offense	10.0	0.0				false	false	true	false	0.0	RAGE_REGULAR	50.0
troy_main_hero_warlord_ability_armstice_spec_duration	60.0	90.0	-1	60.0	false	-1	-1	false	-1.0		false	false	true	200.0		true	0.0	false	1933375240				0.0	0.0	troy_main_abilities_generic_buff	troy_main_abilities_generic_buff	troy_main_abilities_generic_buff			0.0		hex_ranged	troy_main_abilities_debuff		battle_vo_order_special_ability_offense	10.0	0.0				false	false	true	false	0.0	RAGE_REGULAR	50.0
troy_main_hero_warlord_ability_battle_cry	45.0	180.0	-1	50.0	false	0	-1	false	-1.0		false	false	false	50.0		false	1.0	false	234417840			warning_shout	0.0	0.0	troy_main_abilities_generic_debuff					0.0		hex_melee_area_self	troy_main_abilities_buff		battle_vo_order_special_ability_offense	10.0	0.0				false	false	true	false	75.0	RAGE_REGULAR	90.0
troy_main_hero_warlord_ability_battle_cry_spec_armour	45.0	180.0	-1	50.0	false	0	-1	false	-1.0		false	false	false	50.0		false	1.0	false	890976873			warning_shout	0.0	0.0	troy_main_abilities_generic_debuff					0.0		hex_melee_area_self	troy_main_abilities_buff		battle_vo_order_special_ability_offense	10.0	0.0				false	false	true	false	75.0	RAGE_REGULAR	90.0
troy_main_hero_warlord_ability_battle_cry_spec_leadership	45.0	180.0	-1	50.0	false	0	-1	false	-1.0		false	false	false	50.0		false	1.0	false	1332424083			warning_shout	0.0	0.0	troy_main_abilities_generic_debuff					0.0		hex_melee_area_self	troy_main_abilities_buff		battle_vo_order_special_ability_offense	10.0	0.0				false	false	true	false	75.0	RAGE_REGULAR	90.0
troy_main_hero_warlord_ability_commanding_shout	45.0	180.0	-1	60.0	true	-1	0	false	-1.0		false	false	false	60.0		false	1.0	false	950172442			warning_shout	0.0	0.0	troy_main_abilities_generic_buff					0.0		augment_melee_area	troy_main_abilities_buff		battle_vo_order_special_ability_self_buf	10.0	0.0				false	false	true	false	75.0	RAGE_REGULAR	50.0
troy_main_hero_warlord_ability_commanding_shout_spec_cd	45.0	120.0	-1	60.0	true	-1	0	false	-1.0		false	false	false	60.0		false	1.0	false	1797907366			warning_shout	0.0	0.0	troy_main_abilities_generic_buff					0.0		augment_melee_area	troy_main_abilities_buff		battle_vo_order_special_ability_self_buf	10.0	0.0				false	false	true	false	75.0	RAGE_REGULAR	50.0
troy_main_hero_warlord_ability_commanding_shout_spec_cost	45.0	180.0	-1	60.0	true	-1	0	false	-1.0		false	false	false	60.0		false	1.0	false	1348753876			warning_shout	0.0	0.0	troy_main_abilities_generic_buff					0.0		augment_melee_area	troy_main_abilities_buff		battle_vo_order_special_ability_self_buf	10.0	0.0				false	false	true	false	50.0	RAGE_REGULAR	50.0
troy_main_hero_warlord_ability_cover	45.0	90.0	-1	20.0	true	-1	0	false	-1.0		false	false	false	0.0		false	0.0	false	135113505				0.0	0.0						0.0		augment_defense_area	troy_main_abilities_heal		battle_vo_order_special_ability_self_buf	10.0	0.0				false	false	true	false	40.0	RAGE_REGULAR	40.0
troy_main_hero_warlord_ability_cover_spec_radius	45.0	90.0	-1	30.0	true	-1	0	false	-1.0		false	false	false	0.0		false	0.0	false	1985397652				0.0	0.0						0.0		augment_defense_area	troy_main_abilities_heal		battle_vo_order_special_ability_self_buf	10.0	0.0				false	false	true	false	40.0	RAGE_REGULAR	40.0
troy_main_hero_warlord_ability_cover_spec_toggle	-1.0	-1.0	-1	20.0	true	-1	0	true	-1.0		false	false	false	0.0		false	0.0	false	206632242				0.0	0.0						0.0		augment_defense_area	troy_main_abilities_heal		battle_vo_order_special_ability_self_buf	10.0	0.0				false	false	true	false	2.0	RAGE_PER_SEC	0.0
troy_main_hero_warlord_ability_false_prophecy	60.0	100.0	-1	30.0	false	0	-1	false	-1.0		false	false	false	30.0		false	3.0	false	371342507			cast_up_short	0.0	0.0	troy_main_abilities_generic_debuff					0.0		hex_morale	troy_main_abilities_debuff		battle_vo_order_special_ability_defence	10.0	0.0				false	false	true	false	60.0	RAGE_REGULAR	70.0
troy_main_hero_warlord_ability_false_prophecy_spec_radius	60.0	100.0	-1	60.0	false	0	-1	false	-1.0		false	false	false	45.0		false	3.0	false	1415002216			cast_up_short	0.0	0.0	troy_main_abilities_generic_debuff					0.0		hex_morale	troy_main_abilities_debuff		battle_vo_order_special_ability_defence	10.0	0.0				false	false	true	false	60.0	RAGE_REGULAR	70.0
troy_main_hero_warlord_ability_false_prophecy_spec_strength	60.0	100.0	-1	30.0	false	0	-1	false	-1.0		false	false	false	30.0		false	3.0	false	819584457			cast_up_short	0.0	0.0	troy_main_abilities_generic_debuff					0.0		hex_morale	troy_main_abilities_debuff		battle_vo_order_special_ability_defence	10.0	0.0				false	false	true	false	60.0	RAGE_REGULAR	70.0
troy_main_hero_warlord_ability_fight_on	40.0	180.0	-1	40.0	true	-1	0	true	-1.0		false	false	false	0.0		false	0.0	false	614738668				0.0	0.0	troy_main_abilities_generic_buff					0.0			troy_main_abilities_buff		battle_vo_order_special_ability_self_buf	10.0	163.0				false	false	true	false	40.0	RAGE_REGULAR	20.0
troy_main_hero_warlord_ability_fight_on_spec_radius	40.0	180.0	-1	80.0	true	-1	0	true	-1.0		false	false	false	0.0		false	0.0	false	1319442737				0.0	0.0	troy_main_abilities_generic_buff					0.0			troy_main_abilities_buff		battle_vo_order_special_ability_self_buf	10.0	163.0				false	false	true	false	40.0	RAGE_REGULAR	20.0
troy_main_hero_warlord_ability_fight_on_spec_strength	40.0	180.0	-1	40.0	true	-1	0	true	-1.0		false	false	false	0.0		false	0.0	false	1090278361				0.0	0.0	troy_main_abilities_generic_buff					0.0			troy_main_abilities_buff		battle_vo_order_special_ability_self_buf	10.0	163.0				false	false	true	false	40.0	RAGE_REGULAR	20.0
troy_main_hero_warlord_ability_insult	60.0	120.0	-1	0.0	false	0	-1	false	-1.0		false	true	false	30.0		false	1.0	false	1457301881			cast_forward_short	0.0	0.0						0.0		hex_morale	troy_main_abilities_debuff		battle_vo_order_special_ability_offense	10.0	0.0				false	false	true	false	75.0	RAGE_REGULAR	80.0
troy_main_hero_warlord_ability_insult_spec_area	60.0	120.0	-1	10.0	false	0	-1	false	-1.0		false	false	true	30.0		false	1.0	false	729614224			cast_forward_short	0.0	0.0	troy_main_abilities_generic_debuff					0.0		hex_morale_area	troy_main_abilities_debuff		battle_vo_order_special_ability_offense	10.0	0.0				false	false	true	false	75.0	RAGE_REGULAR	80.0
troy_main_hero_warlord_ability_insult_spec_duration	80.0	120.0	-1	0.0	false	0	-1	false	-1.0		false	true	false	30.0		false	1.0	false	827269620			cast_forward_short	0.0	0.0						0.0		hex_morale	troy_main_abilities_debuff		battle_vo_order_special_ability_offense	10.0	0.0				false	false	true	false	75.0	RAGE_REGULAR	80.0
troy_main_hero_warlord_ability_march_on	40.0	90.0	-1	60.0	true	-1	0	true	-1.0		false	false	false	0.0		false	0.0	false	1427536987				0.0	0.0	troy_main_abilities_generic_buff					0.0			troy_main_abilities_buff		battle_vo_order_special_ability_self_buf	10.0	163.0				false	false	true	false	0.0	RAGE_REGULAR	20.0
troy_main_hero_warlord_ability_march_on_spec_radius	40.0	90.0	-1	100.0	true	-1	0	true	-1.0		false	false	false	0.0		false	0.0	false	1272873731				0.0	0.0	troy_main_abilities_generic_buff					0.0			troy_main_abilities_buff		battle_vo_order_special_ability_self_buf	10.0	163.0				false	false	true	false	0.0	RAGE_REGULAR	20.0
troy_main_hero_warlord_ability_march_on_spec_speed	40.0	90.0	-1	60.0	true	-1	0	true	-1.0		false	false	false	0.0		false	0.0	false	751450442				0.0	0.0	troy_main_abilities_generic_buff					0.0			troy_main_abilities_buff		battle_vo_order_special_ability_self_buf	10.0	163.0				false	false	true	false	0.0	RAGE_REGULAR	20.0
troy_main_hero_warlord_ability_marked_for_death	90.0	120.0	-1	0.0	false	0	-1	false	-1.0		false	true	false	100.0		false	1.0	false	1317688888			cast_up_short	0.0	0.0						0.0		hex_armour	troy_main_abilities_debuff		battle_vo_order_special_ability_offense	10.0	0.0				false	false	true	false	0.0	RAGE_REGULAR	50.0
troy_main_hero_warlord_ability_marked_for_death_spec_cd	90.0	90.0	-1	0.0	false	0	-1	false	-1.0		false	true	false	100.0		false	1.0	false	693195132			cast_up_short	0.0	0.0						0.0		hex_armour	troy_main_abilities_debuff		battle_vo_order_special_ability_offense	10.0	0.0				false	false	true	false	0.0	RAGE_REGULAR	50.0
troy_main_hero_warlord_ability_marked_for_death_spec_leadership	90.0	120.0	-1	0.0	false	0	-1	false	-1.0		false	true	false	100.0		false	1.0	false	1307854409			cast_up_short	0.0	0.0						0.0		hex_morale	troy_main_abilities_debuff		battle_vo_order_special_ability_offense	10.0	0.0				false	false	true	false	0.0	RAGE_REGULAR	50.0
troy_main_hero_warlord_ability_rallying_cry	45.0	180.0	-1	30.0	true	-1	0	false	-1.0		false	false	false	50.0		false	1.0	false	159312692			warning_shout	0.0	0.0	troy_main_abilities_generic_buff					0.0		augment_melee_area	troy_main_abilities_buff		battle_vo_order_special_ability_self_buf	10.0	0.0				false	false	true	false	50.0	RAGE_REGULAR	75.0
troy_main_hero_warlord_ability_rallying_cry_spec_area	45.0	180.0	-1	60.0	true	-1	0	false	-1.0		false	false	false	50.0		false	1.0	false	768409867			warning_shout	0.0	0.0	troy_main_abilities_generic_buff					0.0		augment_melee_area	troy_main_abilities_buff		battle_vo_order_special_ability_self_buf	10.0	0.0				false	false	true	false	50.0	RAGE_REGULAR	75.0
troy_main_hero_warlord_ability_rallying_cry_spec_cooldown	45.0	120.0	-1	30.0	true	-1	0	false	-1.0		false	false	false	50.0		false	1.0	false	627994888			warning_shout	0.0	0.0	troy_main_abilities_generic_buff					0.0		augment_melee_area	troy_main_abilities_buff		battle_vo_order_special_ability_self_buf	10.0	0.0				false	false	true	false	50.0	RAGE_REGULAR	75.0
troy_main_hero_warlord_ability_seize_the_moment	40.0	120.0	-1	0.0	false	0	-1	false	-1.0		false	true	false	60.0		false	1.0	false	1287502175			cast_up_short	0.0	0.0	troy_main_abilities_generic_debuff					0.0		hex_melee	troy_main_abilities_buff		battle_vo_order_special_ability_self_buf	80.0	0.0				false	false	true	false	50.0	RAGE_REGULAR	80.0
troy_main_hero_warlord_ability_seize_the_moment_reduce_damage	40.0	120.0	-1	0.0	false	0	-1	false	-1.0		false	true	false	60.0		false	1.0	false	750980003			cast_up_short	0.0	0.0	troy_main_abilities_generic_debuff					0.0		hex_melee	troy_main_abilities_buff		battle_vo_order_special_ability_self_buf	80.0	0.0				false	false	true	false	50.0	RAGE_REGULAR	80.0
troy_main_hero_warlord_ability_seize_the_moment_sunder	40.0	120.0	-1	0.0	false	0	-1	false	-1.0		false	true	false	60.0		false	1.0	false	154740760			cast_up_short	0.0	0.0	troy_main_abilities_generic_debuff					0.0		hex_melee	troy_main_abilities_buff		battle_vo_order_special_ability_self_buf	60.0	0.0				false	false	true	false	50.0	RAGE_REGULAR	80.0
troy_main_hero_warlord_ability_shout_of_terror	30.0	90.0	-1	45.0	true	-1	0	false	-1.0		false	false	false	0.0		false	1.0	false	1011328460			warning_shout	0.0	0.0	troy_main_abilities_generic_buff					0.0		augment_melee	troy_main_abilities_buff		battle_vo_order_special_ability_offense	40.0	0.0				false	false	true	false	75.0	RAGE_REGULAR	120.0
troy_main_hero_warlord_ability_shout_of_terror_inspiring	30.0	90.0	-1	45.0	true	-1	0	false	-1.0		false	false	false	0.0		false	1.0	false	938348585			warning_shout	0.0	0.0	troy_main_abilities_generic_buff					0.0		augment_melee	troy_main_abilities_buff		battle_vo_order_special_ability_offense	50.0	10.0				false	false	true	false	75.0	RAGE_REGULAR	100.0
troy_main_hero_warlord_ability_shout_of_terror_vigorous	30.0	90.0	-1	45.0	true	-1	0	false	-1.0		false	false	false	0.0		false	1.0	false	1538356976			warning_shout	0.0	0.0	troy_main_abilities_generic_buff					0.0		augment_melee	troy_main_abilities_debuff		battle_vo_order_special_ability_offense	50.0	10.0				false	false	true	false	75.0	RAGE_REGULAR	100.0
troy_main_hero_warlord_ability_warning_shout	120.0	140.0	-1	15.0	true	-1	0	false	-1.0		false	false	false	50.0		false	1.0	false	884517654			warning_shout	0.0	0.0	troy_main_abilities_generic_buff					0.0		augment_melee_area	troy_main_abilities_debuff		battle_vo_order_special_ability_self_buf	10.0	0.0				false	false	true	false	50.0	RAGE_REGULAR	90.0
troy_main_hero_warlord_ability_warning_shout_spec_defense	120.0	140.0	-1	15.0	true	-1	0	false	-1.0		false	false	false	50.0		false	1.0	false	760326629			warning_shout	0.0	0.0	troy_main_abilities_generic_buff					0.0		augment_melee_area	troy_main_abilities_debuff		battle_vo_order_special_ability_self_buf	10.0	0.0				false	false	true	false	50.0	RAGE_REGULAR	90.0
troy_main_hero_warlord_ability_warning_shout_spec_radius	120.0	140.0	-1	30.0	true	-1	0	false	-1.0		false	false	false	50.0		false	1.0	false	1931179874			warning_shout	0.0	0.0	troy_main_abilities_generic_buff					0.0		augment_melee_area	troy_main_abilities_debuff		battle_vo_order_special_ability_self_buf	10.0	0.0				false	false	true	false	50.0	RAGE_REGULAR	90.0
troy_main_minotaur_savage_roar	40.0	150.0	-1	40.0	false	0	-1	false	-1.0		false	false	false	40.0		false	1.0	false	1174184438			savage_roar	0.0	0.0	troy_main_abilities_generic_debuff					0.0		hex_morale	troy_main_abilities_buff		battle_vo_order_special_ability_offense	0.0	0.0				false	false	true	false	0.0	RAGE_REGULAR	0.0
troy_main_myth_cyclops_boulder_toss	-1.0	30.0	-1	10.0	false	0	-1	false	-1.0	troy_cyclops_boulder_toss	false	false	true	130.0	focus_fire	false	0.01	false	1014392506			throw_rock	0.0	0.0	troy_main_army_abilities_generic_bombardment					0.0		projectile	troy_main_abilities_archer		battle_vo_order_special_ability_offense	10.0	0.0				false	true	true	false	0.0	RAGE_REGULAR	0.0
troy_main_unit_spread_and_charge	-1.0	-1.0	-1	0.0	true	0	0	false	-1.0		false	false	false	0.0		false	0.0	false	305532011				0.0	0.0						0.0		augment_melee	troy_main_abilities_buff		battle_vo_order_special_ability_generic_response	79.0	0.0				false	false	true	false	0.0	RAGE_REGULAR	0.0
troy_main_unit_volley_amazon_archers	-1.0	-1.0	-1	20.0	false	-1	-1	false	0.0	troy_dlc1_arrow_amazon_archers_volley	false	false	true	200.0	focus_fire	false	0.0	false	890717234				0.0	0.0	troy_main_army_abilities_generic_bombardment	troy_main_army_abilities_generic_bombardment	troy_main_army_abilities_generic_bombardment			0.0			troy_main_abilities_archer		battle_vo_order_special_ability_generic_response	10.0	10.0				false	true	true	false	0.0	RAGE_REGULAR	0.0
troy_main_unit_volley_followers_of_artemis	-1.0	-1.0	-1	20.0	false	-1	-1	false	0.0	troy_dlc1_arrow_followers_of_artemis_volley	false	false	true	200.0	focus_fire	false	0.0	false	1219828193				0.0	0.0	troy_main_army_abilities_generic_bombardment	troy_main_army_abilities_generic_bombardment	troy_main_army_abilities_generic_bombardment			0.0			troy_main_abilities_archer		battle_vo_order_special_ability_generic_response	10.0	10.0				false	true	true	false	0.0	RAGE_REGULAR	0.0
troy_main_unit_volley_hippolytas_chosen	-1.0	-1.0	-1	20.0	false	-1	-1	false	0.0	troy_dlc1_arrow_hippolytas_chosen_volley	false	false	true	200.0	focus_fire	false	0.0	false	1792655578				0.0	0.0	troy_main_army_abilities_generic_bombardment	troy_main_army_abilities_generic_bombardment	troy_main_army_abilities_generic_bombardment			0.0			troy_main_abilities_archer		battle_vo_order_special_ability_generic_response	10.0	10.0				false	true	true	false	0.0	RAGE_REGULAR	0.0
troy_main_unit_volley_toxares	-1.0	-1.0	-1	20.0	false	-1	-1	false	0.0	troy_dlc1_arrow_amazon_archers_volley	false	false	true	200.0	focus_fire	false	0.0	false	904637316				0.0	0.0	troy_main_army_abilities_generic_bombardment	troy_main_army_abilities_generic_bombardment	troy_main_army_abilities_generic_bombardment			0.0			troy_main_abilities_archer		battle_vo_order_special_ability_generic_response	10.0	10.0				false	true	true	false	0.0	RAGE_REGULAR	0.0
troy_main_unit_weapon_switching	-1.0	-1.0	-1	0.0	true	0	0	false	-1.0		false	false	false	0.0		false	0.0	true	1023413052				0.0	0.0	troy_main_abilities_generic_buff					0.0			troy_main_abilities_melee		battle_vo_order_special_ability_generic_response	0.0	0.0				false	false	true	false	0.0	RAGE_REGULAR	0.0
troy_main_unit_weapon_switching_passive	-1.0	-1.0	-1	0.0	true	0	0	false	-1.0		false	false	false	0.0		false	0.0	true	946460230				0.0	0.0						0.0					battle_vo_order_special_ability_generic_response	0.0	0.0				false	false	true	false	0.0	RAGE_REGULAR	0.0
troy_myth_shield_wall_formation	45.0	90.0	-1	20.0	true	-1	0	false	-1.0		false	false	false	0.0	shield_wall_formation	false	0.0	false	2014848652				0.0	0.0						0.0		augment_defense_area	troy_main_abilities_buff		battle_vo_order_special_ability_generic_response	10.0	0.0				false	false	true	false	0.0	RAGE_REGULAR	0.0
troy_myth_sirens_lure	30.0	120.0	-1	100.0	false	0	1	false	-1.0		false	true	false	100.0		false	1.0	false	1737420084			cast_forward_short	0.0	0.0						0.0		hex_ranged	troy_main_abilities_debuff		battle_vo_order_special_ability_generic_response	0.0	30.0				false	false	true	false	0.0	RAGE_REGULAR	0.0
troy_serrated_weapons_enabled_ticker_icon	10.0	-1.0	-1	0.0	true	0	0	false	-1.0		false	false	false	0.0		false	0.0	false	68054488				0.0	0.0						0.0					battle_vo_order_special_ability_generic_response	0.0	0.0				false	false	false	true	0.0	RAGE_REGULAR	0.0
troy_unit_blind_rage	30.0	180.0	-1	0.0	true	0	0	false	-1.0		false	false	false	0.0		true	0.0	false	1718413736				0.0	0.0						0.0		augment_melee	troy_main_abilities_melee		battle_vo_order_special_ability_generic_response	40.0	0.0				false	false	true	false	0.0	RAGE_REGULAR	0.0
